qdate,gross,fees,traded,sold,trades
7681,2310.95,286.71,19218306.56,9610308.76,479
7682,2210.12,310.21,20563025.96,10282618.03,501
7683,-1462.09,317.86,21478013.59,10738275.75,477
7684,-8358.51,313.93,20917545.33,10454593.41,485
7685,3021.93,323.06,21474556.93,10738789.43,481
7689,-1723.79,305.47,20462461.83,10230369.03,489
7690,3715.85,342.64,23032966.66,11518341.25,490
7691,-645.22,323.20,21578321.30,10788838.04,490
7692,1794.94,329.57,22273150.04,11137472.49,463
7695,3357.74,336.03,22418541.83,11210949.78,489
7696,97.00,356.16,23705846.30,11852971.65,494
7697,11507.88,301.37,20215552.50,10113530.19,511
7698,-6041.41,314.16,21046779.09,10520368.84,514
7699,3053.66,309.37,20643515.98,10323284.82,501
7702,4348.45,310.55,20731011.54,10367680.00,503
7703,1944.90,323.58,21508517.09,10755231.00,477
7704,-344.12,314.83,20994537.10,10497096.49,490
7705,6019.53,321.62,21413569.08,10709794.31,457
7706,5209.33,313.69,21012299.51,10508754.43,470
7709,4086.99,288.85,19281328.92,9642707.96,479
7710,164.15,287.81,19425890.20,9713027.18,484
7711,4854.83,320.87,21358193.37,10681524.11,490
7712,-3023.37,310.48,20868515.34,10432745.99,491
7713,1771.38,303.93,20274350.65,10138061.02,481
7717,1082.98,299.13,20074413.59,10037748.29,481
7718,2848.25,335.86,22636487.53,11319667.89,477
7719,-868.58,286.87,19297545.33,9648338.38,486
7720,2735.88,277.94,18533136.66,9267936.27,475
7723,-9211.76,315.00,21100843.20,10545815.72,507
7724,4502.90,311.89,20860470.60,10432486.75,484
7725,3546.21,321.41,21720650.17,10862098.19,483
7726,4164.96,330.92,22214670.41,11109417.69,478
7727,2795.58,288.29,19301111.18,9651953.38,493
7730,239.99,300.19,20233995.13,10117117.56,469
7731,-2762.04,311.39,20822995.98,10410116.97,469
7732,6932.41,360.25,24185120.67,12096026.54,497
7733,7759.55,331.47,22073320.03,11040539.79,486
7734,1082.34,338.01,22691164.72,11346123.53,509
7737,-5879.16,327.10,21937479.25,10965800.04,506
7738,2970.74,303.29,20407557.04,10205263.89,490
7739,-4526.16,322.51,21699290.50,10847382.17,476
7740,7600.25,304.53,20394623.85,10201112.05,475
7741,4157.69,308.20,20584559.82,10316772.27,470
7744,5553.89,333.88,22422100.62,11213827.25,481
7745,-728.54,316.07,21319538.29,10659404.87,482
7746,-580.93,289.34,19397481.83,9698450.45,474
7747,1239.69,354.30,23943535.37,11972387.53,505
7748,2340.60,303.25,20296716.83,10149528.72,478
7751,-7625.77,355.36,23860551.53,11926462.88,504
7752,-148.20,338.52,22702334.38,11351093.09,497
7753,4243.05,358.26,24130367.93,12067305.49,485
7754,12662.08,351.50,23533166.84,11772914.46,475
7755,-2750.43,309.58,20893423.36,10445336.46,500
7758,4761.92,329.66,22186527.68,11095644.80,484
7759,4883.90,311.78,20867678.00,10436280.95,480
7760,7179.80,321.23,21554116.06,10780647.93,475
7761,881.47,305.04,20453997.12,10227439.29,471
7765,-888.91,310.39,20871702.10,10435406.59,493
7766,-2089.56,293.00,19580690.64,9789300.54,474
7767,1723.55,286.21,19059889.59,9530806.57,491
7768,419.92,294.82,19835290.29,9917855.10,461
7769,-3012.30,309.10,20791424.51,10394206.11,498
7772,-4012.48,309.22,20771817.45,10383902.49,491
7773,5779.57,247.43,16649697.77,8302734.87,337
7774,1206.99,338.43,22620949.41,11311078.20,466
7775,11005.98,359.12,24065393.88,12038199.93,478
7776,1267.38,312.12,21033396.82,10517332.10,451
7779,0.00,0.00,0.00,0.00,0
7780,-6389.13,330.00,22210870.68,11102240.77,476
7781,7970.26,354.26,23730920.15,11869445.20,501
7782,7012.20,304.19,20435590.93,10221301.57,465
7783,1188.68,328.32,22168222.88,11084705.78,487
7786,-78.61,308.03,20694948.06,10347434.72,487
7787,2967.82,312.50,21078578.19,10540773.01,477
7788,4408.38,324.80,21790611.00,10897509.69,480
7789,4273.40,329.81,22096967.86,11050620.63,467
7790,2094.52,348.78,23417988.63,11710041.57,463
7793,-2052.04,301.26,20299650.20,10148799.08,465
7794,1061.54,288.03,19331430.36,9666245.95,476
7795,-4095.35,339.13,22705419.28,11350661.97,502
7796,-3129.83,335.37,22544414.49,11270642.33,465
7797,-3749.38,308.83,20853538.40,10424894.51,479
7800,3407.15,342.51,23035246.35,11519326.75,499
7801,536.48,274.21,18447195.29,9223865.88,483
7802,5378.84,324.10,21840817.22,10923098.03,484
7803,-10319.61,346.31,23395350.66,11692515.52,483
7804,3818.54,298.78,20146498.68,10075158.61,478
7807,-4781.75,293.97,19715925.66,9855571.95,477
7808,5413.81,334.43,22443005.56,11224209.69,484
7809,534.50,288.88,19208461.57,9604498.04,471
7810,-215.64,323.33,21727290.45,10863537.40,459
7811,-3148.27,309.82,20763601.48,10380226.60,525
7814,2840.83,298.31,20079926.34,10041383.58,452
7815,-3309.27,308.97,20862204.07,10429447.40,490
7816,850.23,323.95,21776250.07,10888550.15,500
7817,-5968.72,283.16,19085903.34,9539967.31,478
7818,2497.63,295.37,19867295.87,9934896.75,471
7822,-2757.90,274.78,18500104.86,9248673.48,489
7823,-2295.46,300.29,20133328.15,10065516.35,474
7824,-6771.34,326.26,21974764.23,10983996.45,473
7825,-650.92,289.72,19587626.71,9793487.90,490
7828,-12963.55,278.19,18864569.32,9425802.89,482
7829,1322.98,311.97,21114503.62,10557913.30,486
7830,2789.89,310.70,20958419.53,10480604.71,476
7831,-5836.93,301.42,20441109.76,10217636.41,500
7832,1646.72,297.71,19987354.32,9994500.52,448
7835,-4751.21,279.09,18827764.72,9411506.75,472
7836,1543.16,315.03,21321020.11,10661281.63,483
7837,12669.57,313.01,21084032.37,10548350.97,500
7838,-19350.55,321.70,21784375.22,10882512.34,512
7839,2069.19,352.49,23664608.89,11833339.04,500
7842,3198.70,346.44,23275957.52,11639578.11,446
7843,3691.32,332.45,22458883.87,11231287.60,455
7844,2330.31,302.13,20438016.03,10220173.18,471
7845,-3095.79,291.10,19699565.45,9848234.83,462
7846,3531.61,350.28,23636467.49,11819999.56,461
7849,333.64,296.79,20123890.59,10062112.12,452
7850,-2981.86,282.47,18999101.98,9498060.06,476
7851,3710.97,318.35,21410843.11,10707277.04,462
7852,-1514.85,321.08,21714109.67,10856297.40,471
7853,1824.45,315.06,21263068.07,10632446.26,452
7857,-876.37,330.01,22267869.00,11133496.31,484
7858,5743.28,312.84,21115919.70,10560831.49,478
7859,-2088.48,295.44,19997260.92,9997586.22,472
7860,2178.73,301.07,20330999.14,10166588.93,454
7863,3611.68,281.32,19001879.06,9502745.37,457
7864,1487.47,295.22,19944947.75,9973217.61,470
7865,464.79,322.58,21762754.18,10881609.49,444
7866,928.22,325.00,21918226.49,10959577.36,481
7867,2434.92,330.86,22338681.55,11170558.24,481
7870,-2917.78,298.78,20122193.66,10059637.94,483
7871,-3684.08,266.67,17786946.89,8891631.41,487
7872,1692.24,292.27,19789422.56,9895557.41,463
7873,-1688.24,318.91,21485120.25,10764030.56,477
7874,650.19,341.28,23105246.21,11552948.20,499
7877,5238.50,310.07,20920141.08,10462689.79,456
7878,-2945.99,274.57,18506726.98,9251890.50,474
7879,2773.70,324.45,21847837.10,10925305.40,463
7880,1557.81,336.35,22693542.65,11347550.23,474
7881,4677.27,312.21,21101478.50,10553077.89,470
7884,-2607.68,307.21,20635800.01,10316596.17,466
7885,-1754.13,287.38,19425152.96,9711699.41,446
7886,-1593.17,264.43,17884382.60,8941394.71,479
7887,525.31,292.25,19761341.19,9880933.25,484
7888,1949.11,289.39,19648385.03,9825167.07,456
7891,-3272.70,277.89,18697053.38,9346890.34,466
7892,-6403.55,294.77,19923587.49,9958591.97,467
7893,-4065.00,289.28,19517272.68,9756603.84,461
7894,2536.28,334.99,22575541.41,11289038.84,474
7895,198.28,306.69,20676228.20,10338213.24,455
7898,-191.60,329.99,22218037.63,11108923.01,466
7899,4306.81,337.55,22839800.47,11422053.64,465
7900,-907.42,274.96,18518039.70,9258566.14,455
7901,-7052.08,293.16,19678535.17,9835741.54,487
7902,1044.40,316.00,21382923.02,10691983.70,451
7905,-935.46,281.04,18912721.48,9455893.01,454
7906,1651.89,246.06,16608244.15,8304948.02,442
7907,-3351.88,300.71,20359512.27,10178080.20,455
7908,6044.04,306.08,20605135.21,10305589.63,454
7909,-1630.93,262.93,17684184.99,8841277.03,469
7912,-314.37,313.01,21076015.43,10537850.52,467
7913,-1791.70,297.30,19969831.88,9984020.09,475
7914,-322.73,299.57,20255157.08,10127417.17,480
7915,838.38,330.57,22190117.13,11095477.75,463
7916,-78.21,310.97,21098763.56,10549342.68,467
7920,342.74,296.79,20119383.20,10059862.97,469
7921,-2251.44,319.71,21441873.33,10719810.94,471
7922,-3367.32,291.70,19730547.27,9863589.98,464
7923,688.45,291.47,19538670.40,9769679.43,442
7926,-3344.11,273.46,18521379.21,9259017.55,449
7927,-1488.70,270.88,18337800.98,9168156.14,485
7928,6645.79,321.37,21712375.98,10859510.89,494
7929,142.03,296.57,20054223.00,10027182.52,463
7930,-1814.99,322.24,21806229.90,10902207.46,479
7933,7079.23,300.58,20231944.47,10119511.85,488
7934,1027.62,310.07,20958676.73,10479852.18,458
7935,1019.85,282.62,18983330.12,9492174.98,449
7936,-6568.74,266.21,17953343.26,8973387.26,451
7937,-1432.92,290.66,19520037.37,9759302.22,459
7940,-5827.54,258.62,17500077.77,8747125.11,470
7941,5598.78,331.11,22453509.12,11229553.95,496
7942,2990.69,354.03,23897727.77,11950359.23,494
7943,3459.90,305.85,20499333.59,10251396.74,482
7944,102.14,305.06,20477151.70,10238626.92,490
7947,546.90,317.36,21319321.69,10659934.29,476
7948,3891.59,311.19,20992777.77,10498334.68,474
7949,-1582.73,331.97,22351324.18,11174870.73,460
7950,789.11,307.18,20707720.56,10354254.84,477
7951,-2517.16,309.73,20780606.15,10389044.50,470
7954,226.81,302.06,20196850.84,10098538.83,485
7955,-1578.63,290.60,19528206.48,9763313.93,475
7956,-3543.15,325.69,22025845.68,11011151.26,484
7957,5049.07,320.08,21612482.26,10808765.66,456
7958,-2296.44,269.77,18132284.64,9064994.10,472
7961,-4297.03,289.12,19565285.85,9780494.41,474
7962,3291.59,342.96,23117026.90,11560159.24,466
7963,-1995.49,287.65,19342980.73,9670492.62,459
7964,-6295.97,318.91,21542259.45,10767981.73,490
7965,-2551.99,328.20,22228177.80,11112812.91,494
7968,0.00,0.00,0.00,0.00,0
7969,-2635.24,307.81,20833290.73,10415327.74,460
7970,-2941.83,291.98,19713087.56,9855072.87,486
7971,1171.62,299.17,20204614.60,10102893.11,483
7972,-4629.62,291.92,19684805.41,9840087.90,472
7975,1466.33,307.43,20814944.75,10408205.53,461
7976,-4406.34,296.04,20160497.64,10078045.65,485
7977,1210.88,331.64,22431747.65,11216479.26,474
7978,-520.07,311.62,21189062.82,10594271.38,491
7979,-83.60,327.04,22185177.70,11092547.05,496
7982,1275.37,309.59,20990757.05,10496016.21,462
7983,8197.62,314.74,21287082.99,10647640.31,466
7984,-260.50,296.78,20087105.23,10043422.36,481
7985,-2840.51,276.45,18649532.38,9323345.94,445
7986,-247.98,287.75,19439204.25,9719478.13,469
7989,3085.59,288.10,19390439.27,9696762.43,455
7990,-8849.02,277.58,18793259.35,9392205.16,491
7991,-1310.71,310.63,20996238.63,10497463.96,479
7992,-2948.72,288.99,19593609.63,9795330.46,461
7993,-4605.43,304.00,20616105.64,10305750.11,504
7996,-6660.34,296.71,20031026.59,10012183.13,475
7997,7827.54,329.45,22267836.88,11137832.21,446
7998,2529.66,285.63,19346115.27,9674322.47,432
8000,-2889.87,119.75,8394637.37,4077188.98,215
8003,-2012.75,306.49,20730512.18,10364249.72,485
8004,347.65,290.36,19698331.01,9849339.33,484
8005,-12649.44,312.60,21095400.87,10541375.71,505
8006,2649.38,277.87,18693259.38,9347954.38,461
8007,2810.58,327.38,21995085.31,10998947.95,492
8010,1398.54,306.93,20738014.02,10369706.28,477
8011,-3698.56,315.03,21369281.21,10682791.32,492
8012,178.84,322.32,21877870.16,10939024.50,475
8013,-2950.08,300.08,20311599.44,10154324.67,475
8014,-985.34,305.71,20718973.94,10358994.30,480
8017,1.58,325.19,21956591.92,10978296.75,463
8018,2851.83,306.56,20647116.77,10324984.30,502
8019,-14325.99,301.49,20394975.62,10190324.82,480
8020,-3829.27,320.83,21727827.49,10861999.11,501
8021,1486.67,280.21,18922721.05,9462103.86,454
8024,5521.17,303.60,20499398.81,10252459.98,465
8025,-149.40,278.32,18785568.93,9392709.77,486
8026,706.24,289.49,19555904.56,9778305.40,426
8027,1641.02,318.96,21535821.23,10768731.12,426
8031,5000.37,299.30,20168891.34,10086945.85,416
8032,4066.23,299.05,20169265.20,10086665.72,430
8033,5816.48,316.15,21360180.32,10682998.40,420
8034,3664.22,291.78,19708458.64,9856061.42,441
8035,999.95,280.70,18969868.29,9485434.12,411
8045,-1547.83,322.30,21787231.21,10892841.69,485
8046,317.65,299.41,20334345.26,10167331.46,456
8047,5070.84,328.13,22292100.93,11148585.88,453
8048,371.05,310.15,20939400.61,10469885.83,454
8049,200.52,305.24,20744011.35,10372105.93,475
8053,2348.13,350.40,23780083.38,11891215.75,475
8054,-6461.04,331.39,22264142.16,11128840.56,476
8055,-2418.14,331.84,22320335.98,11158958.92,479
8056,8382.77,326.67,22000900.17,11004641.47,474
8059,438.49,201.93,13752147.14,6816310.37,467
8060,-1790.84,319.99,21630152.52,10814180.84,487
8061,10481.50,335.56,22584056.66,11323469.42,492
8062,2102.43,337.61,22594927.94,11298515.19,487
8063,-1084.97,382.90,25704822.96,12851869.00,495
8066,-566.35,335.02,22619146.24,11309289.94,493
8067,-1682.40,312.90,20953897.60,10476107.60,462
8068,-5445.64,367.98,24846290.04,12420422.20,464
8069,-12046.41,313.96,21371587.79,10679770.69,484
8070,-244.74,340.90,22975354.55,11487554.90,497
8073,-2943.59,377.95,25503549.38,12750302.90,472
8074,7050.00,325.96,22127482.39,11067266.19,470
8075,3849.78,323.73,21789859.63,10896854.71,469
8076,2458.85,303.62,20534179.36,10268319.11,483
8077,-14728.77,350.27,23750601.59,11867936.41,500
8080,-48.04,366.98,24677521.49,12338736.73,485
8081,1513.15,290.63,19607916.19,9804714.67,492
8082,-3845.70,326.60,21934512.11,10965333.21,494
8083,-2239.57,357.09,23905351.31,11951555.87,461
8084,-5567.12,277.57,18625483.18,9309958.03,462
8088,-451.67,303.61,20487844.33,10243696.33,479
8089,3015.69,330.83,22351767.90,11177391.80,492
8090,-12093.50,267.69,18026719.92,9007313.21,502
8091,-63.79,367.27,24795531.61,12397733.92,489
8094,2902.11,336.43,22643906.66,11323404.38,502
8095,-591.43,352.43,23743968.96,11871688.76,470
8096,-1388.15,324.25,21910942.51,10954777.18,477
8097,-1934.70,347.07,23283527.82,11640796.56,478
8098,-13061.90,371.46,25144135.86,12565536.98,496
8101,-7486.15,347.35,23465011.14,11728762.49,504
8102,0.00,0.00,0.00,0.00,0
8103,-1986.78,327.34,22025217.99,11011615.60,498
8104,2080.06,352.51,23699626.36,11850853.21,487
8105,-4534.56,326.65,21953045.02,10974255.23,488
8108,2269.67,323.60,21838267.86,10920268.76,510
8109,3792.77,356.20,24061074.88,12032433.82,499
8110,8969.42,361.30,24299712.49,12154340.96,476
8111,4214.53,333.07,22489686.67,11246950.60,479
8112,-1853.89,331.19,22240312.18,11119229.14,488
8115,2513.78,330.59,22264825.35,11133669.56,473
8116,-3112.94,358.75,24271210.75,12134048.91,495
8117,-5747.79,323.06,21758624.79,10876438.49,514
8118,-1337.90,336.63,22631893.11,11315277.61,476
8119,6803.26,338.93,22828689.16,11417746.21,461
8122,8029.50,322.16,21739959.35,10873994.43,460
8123,-1353.37,347.94,23548403.66,11773525.15,475
8124,2981.75,327.18,22184727.58,11093854.67,478
8125,1865.90,355.15,24067244.09,12034555.00,467
8126,-2594.20,385.91,25957474.02,12977439.91,477
8129,4286.94,353.37,23758377.09,11881332.02,470
8130,3482.47,319.30,21578859.29,10791170.87,446
8131,3230.90,363.17,24503505.78,12253368.35,474
8132,-2758.60,356.59,24157548.66,12077395.03,469
8133,5005.36,353.02,23800275.15,11902640.26,477
8136,5556.37,287.82,19354598.83,9680077.61,469
8137,7393.58,350.28,23676576.03,11841984.81,473
8138,141.13,353.38,23837033.53,11918587.33,480
8139,1488.78,329.83,22252942.12,11127215.45,466
8143,1432.37,280.18,18864876.95,9433154.66,463
8144,-8581.41,353.17,23605130.41,11798274.50,480
8145,-4536.53,348.24,23411798.87,11703631.17,464
8146,-2038.33,354.28,23973240.92,11985601.30,482
8147,6481.71,312.00,20903150.36,10454816.03,473
8150,3375.92,346.64,22970117.81,11486746.87,471
8151,3267.23,312.00,20890968.81,10447118.02,494
8152,7756.82,378.49,25341185.69,12674471.25,467
8153,1182.78,348.10,23171211.23,11586197.00,484
8154,7468.55,324.46,21557659.56,10782564.05,489
8157,1659.56,302.90,20218022.42,10109840.99,501
8158,-7301.99,328.18,21836068.05,10914383.03,494
8159,393.82,337.31,22414004.15,11207198.99,493
8160,2331.27,324.91,21828317.84,10915324.55,502
8161,2875.05,348.58,23450098.26,11726486.66,464
8164,-2072.12,340.11,22697233.48,11347580.67,506
8165,2812.35,336.27,22341520.04,11172166.19,499
8166,-5224.28,340.75,22842590.64,11418683.18,486
8167,-2193.18,335.87,22471361.44,11234584.13,483
8168,-3497.43,348.68,23164297.96,11580400.26,488
8171,5078.71,368.46,24734500.07,12369789.39,485
8172,7059.22,358.05,23844470.53,11925764.88,494
8173,-13993.95,260.02,17398125.29,8692065.67,506
8174,4934.27,318.01,21119582.43,10562258.35,488
8175,-3863.42,372.45,24727838.54,12361987.56,505
8178,1531.35,296.48,19967413.41,9984472.38,463
8179,1494.78,362.43,24074762.66,12038128.72,472
8180,-3203.24,283.89,19033984.48,9515390.61,476
8181,1303.91,312.07,20712273.72,10356788.82,491
8182,8958.75,350.55,23525152.78,11767055.76,468
8186,8633.06,349.92,23052387.14,11530510.10,463
8187,1088.57,371.51,24779424.93,12390256.75,485
8188,-12424.80,356.18,23783961.19,11885768.19,491
8189,6291.03,342.98,22774945.24,11390618.14,465
8192,25.61,334.52,22230360.85,11115193.23,495
8193,1037.65,351.16,23431141.56,11716089.60,484
8194,1700.31,327.77,21994559.81,10998130.06,475
8195,-606.07,322.03,21473727.62,10736560.78,469
8196,6125.15,348.59,23151083.21,11578604.18,476
8199,-3995.92,301.83,20012893.08,10004448.58,510
8200,-9733.27,321.93,21413348.78,10701807.76,504
8201,4796.10,338.30,22437368.31,11221082.21,471
8202,-867.54,345.33,22610866.84,11304999.66,482
8203,-7177.01,311.63,20506060.83,10249441.91,472
8207,-9859.57,397.25,26360553.42,13175346.93,506
8208,111.71,390.68,25802622.06,12901366.88,501
8209,-714.65,328.08,21696396.90,10847841.13,498
8210,2660.04,352.33,23446488.17,11724574.11,485
8213,4675.92,322.05,21238087.30,10621381.61,490
8214,3994.75,306.05,20483335.85,10243665.30,471
8215,-566.90,339.47,22548704.23,11274068.66,483
8216,4651.93,361.72,24170275.61,12087463.77,476
8217,-4640.50,355.48,23482445.75,11738902.63,477
8221,-5899.04,315.75,20694721.07,10344411.02,473
8222,10594.32,347.93,23184153.46,11597373.89,454
8223,4966.23,320.42,21441609.08,10723287.66,461
8224,-169.81,316.80,20935042.02,10467436.11,450
8227,4529.05,330.74,22068059.65,11036294.35,474
8228,-1481.43,290.35,19253245.50,9625882.04,471
8229,-3517.52,323.22,21265678.54,10631080.51,477
8230,-533.40,326.81,21729108.70,10864287.65,475
8231,-7117.34,321.02,21145987.77,10569435.21,471
8234,2690.58,304.35,20219591.35,10111140.96,484
8235,338.63,309.22,20630524.85,10315431.74,481
8236,-1766.21,283.62,18985316.38,9491775.08,498
8237,9865.86,363.37,24124651.62,12067258.74,477
8238,-2333.59,350.90,23445588.55,11721627.48,474
8241,1169.50,312.61,20968832.36,10485000.93,461
8242,-7692.34,355.89,23814802.90,11903555.28,488
8243,4857.87,320.86,21469425.67,10737141.77,473
8244,5542.15,363.28,24267661.14,12136601.65,497
8245,3931.82,350.35,23424513.97,11714222.90,486
8248,3040.98,346.60,23099395.93,11551218.46,468
8249,1656.54,296.73,19798539.95,9900098.24,477
8250,4650.53,360.11,23973554.60,11989102.57,462
8251,-3716.43,328.02,21711074.09,10853678.83,479
8252,5333.20,335.91,22284565.62,11144949.41,461
8255,-4073.90,314.08,20796538.39,10396232.24,474
8256,159.65,317.58,21236634.02,10618396.84,505
8257,328.02,339.88,22679186.36,11339757.19,467
8258,2404.77,312.21,20899292.90,10450848.84,479
8259,1974.69,327.39,21858957.36,10930466.03,469
8262,5282.97,327.35,21714236.20,10859759.58,448
8263,4273.33,327.96,21819740.65,10912006.99,464
8264,-377.93,294.83,19616753.32,9808187.70,470
8265,-2737.89,282.55,18871639.56,9434450.83,458
8266,-229.88,331.90,22220773.01,11110271.56,466
8269,29.21,303.80,20304683.08,10152356.14,492
8270,271.02,321.88,21504612.54,10752441.78,468
8271,1911.68,335.80,22292951.26,11147431.47,487
8272,-2343.78,325.81,21849474.68,10923565.45,490
8273,-3196.78,296.76,19841707.46,9919255.34,485
8276,-1574.92,347.31,22994435.00,11496430.04,481
8277,-2136.19,312.96,20850536.54,10424200.17,463
8278,-6706.50,284.51,18839358.65,9416326.07,509
8279,-11256.61,334.57,22324805.02,11156774.20,533
8280,-1341.79,282.58,18579395.85,9289027.03,483
8284,-2944.96,294.70,19648860.75,9822957.89,490
8285,1598.37,344.57,22830172.69,11415885.53,468
8286,2642.94,334.09,22103300.90,11052971.91,475
8287,-1033.70,349.62,23393024.44,11695995.37,474
8290,978.54,302.61,20148352.27,10074665.40,459
8291,-2948.23,251.70,16648854.36,8322953.07,471
8292,-712.21,312.15,20562157.90,10280722.85,492
8293,5259.01,333.27,22126496.25,11065877.63,486
8294,6757.30,332.19,21883441.03,10945099.16,473
8297,89.78,337.03,22087861.10,11043975.44,488
8298,-1559.51,354.50,23467320.74,11732880.62,483
8299,4224.53,316.72,20924177.47,10464201.00,474
8300,-372.52,381.38,25453445.46,12726536.47,487
8301,-63.83,335.31,21909399.44,10954667.81,487
8304,-632.10,345.66,22614611.38,11306989.65,495
8305,730.56,292.84,19279086.91,9639908.73,480
8306,605.36,344.28,22558431.58,11279518.47,489
8307,-2627.17,301.91,19988580.94,9992976.89,482
8308,5448.56,325.90,21549076.18,10777262.37,466
8311,2950.76,339.31,22573400.25,11288175.50,482
8312,7479.63,323.31,21196902.79,10602191.21,468
8313,-3436.96,304.85,20096350.24,10046456.64,481
8314,-3075.62,306.60,20236824.31,10116874.34,493
8315,4491.91,319.65,21175991.64,10590241.78,483
8318,3239.26,337.01,22121312.06,11062275.66,501
8319,11158.88,380.53,24906980.53,12459069.70,464
8320,-5703.89,291.50,19197449.54,9595872.83,520
8321,7978.97,360.87,23711541.18,11859760.07,497
8322,410.14,346.57,22926108.55,11463259.34,473
8325,2536.85,339.92,22386234.82,11194385.83,485
8326,2858.56,347.80,22786914.26,11394886.41,483
8327,5208.39,319.82,21154286.50,10579747.45,502
8328,5369.85,319.15,20814713.15,10410041.50,474
8329,729.92,336.36,22245997.01,11123363.47,494
8332,-2052.29,324.22,21504747.92,10751347.82,469
8333,2260.17,310.58,20543648.33,10272954.24,450
8334,-521.55,338.56,22403332.30,11201405.38,484
8335,4091.67,334.63,22308186.98,11156139.32,475
8336,-1148.34,343.97,22928781.94,11463816.80,490
8339,-5388.56,315.23,20845641.82,10420126.63,466
8340,-5841.38,311.18,20741142.78,10367650.71,487
8341,-5783.78,322.01,21402419.98,10698318.10,493
8342,-1183.74,383.37,25194873.03,12596844.65,469
8343,-963.18,327.80,21515657.04,10757346.93,487
8346,-596.08,319.81,21281522.68,10640463.31,493
8347,-923.93,337.46,22090493.21,11044784.64,478
8348,1486.22,325.37,21457597.42,10729541.83,459
8349,-7782.39,301.48,20129456.82,10060837.21,486
8350,-7131.94,303.65,20152986.26,10072927.16,500
8353,-802.81,305.69,20254650.86,10126924.03,502
8354,-285.85,322.10,21441030.40,10720372.28,487
8355,2051.64,319.50,21306250.47,10654151.06,486
8356,3053.12,318.29,21075169.98,10539111.55,484
8357,-985.79,325.10,21404539.52,10701776.87,469
8360,-3257.12,324.88,21388211.44,10692477.16,501
8361,-5069.38,294.54,19652228.93,9823579.77,482
8362,-1886.06,328.58,21802820.70,10900467.32,485
8364,776.46,137.31,9275473.61,4584254.73,208
8367,2612.45,328.72,21781749.64,10892181.04,479
8368,1126.67,332.63,22120997.03,11061061.85,480
8369,-3187.93,318.79,21180983.31,10588897.69,485
8370,5423.44,322.68,21529784.19,10767603.81,490
8371,-1534.20,345.24,23078484.57,11538475.19,500
8374,1971.81,347.69,23166734.02,11584352.91,485
8375,4810.16,333.02,21980552.20,10992681.18,493
8376,6457.74,324.23,21532969.19,10769713.47,479
8377,-3751.27,324.80,21577673.27,10786961.00,501
8378,-2361.91,309.88,20697783.01,10347710.55,470
8381,3250.58,338.00,22432671.29,11217960.94,478
8382,-2007.03,309.96,20709311.84,10353652.41,489
8383,3981.26,347.96,23084171.37,11544076.31,474
8384,1136.31,313.29,20691175.64,10346155.98,478
8385,1219.80,340.41,22556114.09,11278666.94,480
8388,6706.05,339.99,22394118.57,11200412.31,472
8389,4930.80,344.13,22668709.07,11336819.93,472
8390,1451.16,341.43,22466432.43,11233941.80,477
8391,1383.15,345.48,22683304.02,11342343.58,492
8392,6506.35,320.63,21229886.15,10618196.25,452
8396,3726.61,351.03,23244919.76,11624323.19,447
8397,2474.32,339.03,22215641.15,11109057.74,485
8398,-1192.20,297.26,19668621.68,9833714.74,495
8399,-1169.83,288.22,19039071.62,9518950.89,450
8410,-1813.98,276.47,18382444.38,9190315.20,479
8411,859.94,311.86,20630000.69,10315430.32,484
8412,-717.30,301.14,19878868.92,9939075.80,479
8413,-3512.25,300.34,19925162.76,9960825.26,468
8417,-319.65,265.43,17717874.31,8858777.33,495
8418,2248.99,281.18,18613788.78,9308018.88,466
8419,415.36,305.88,20437885.43,10219150.39,494
8420,280.83,284.55,18892969.11,9446624.97,452
8423,-3486.17,272.95,18197104.43,9096809.13,489
8424,3820.28,303.64,20103324.53,10053572.41,477
8425,-2339.96,271.24,18249342.48,9123501.25,470
8426,1868.49,279.33,18573100.00,9287484.25,481
8427,-3253.66,304.30,20124664.16,10060705.25,467
8430,3597.54,314.31,21101529.36,10552563.45,481
8431,4539.25,318.47,21324352.98,10664446.11,466
8432,-4746.65,283.83,18837091.60,9416172.48,501
8433,-12116.52,296.06,19682034.35,9834958.91,497
8434,-3524.28,301.33,20045319.22,10020897.47,478
8437,2459.94,317.17,21150186.26,10576323.10,495
8438,5679.05,317.35,21190754.41,10598216.73,490
8439,4315.68,295.73,19759820.14,9882067.90,476
8440,-268.80,276.26,18445842.23,9222786.72,470
8441,7725.31,346.24,22899256.73,11453491.02,478
8444,2452.44,303.72,20298331.44,10150391.94,473
8445,-673.38,297.21,19870107.60,9934717.11,500
8446,378.35,286.92,19162157.28,9581267.81,470
8447,3661.74,314.85,21052916.08,10528288.91,480
8448,2748.36,344.71,22952689.19,11477718.78,468
8452,3257.78,317.11,20938482.82,10470870.30,474
8453,-216.36,272.64,18058451.40,9029117.52,469
8454,2249.38,290.40,19209515.53,9605882.46,479
8455,3542.39,298.32,19912100.82,9957821.60,467
8458,-845.81,288.55,19286270.66,9642712.43,489
8459,-3015.07,248.61,16734004.51,8365494.72,472
8460,752.23,305.37,20369705.13,10185228.68,485
8461,-2316.63,295.17,19707027.93,9852355.65,489
8462,2117.98,295.06,19620329.72,9811223.85,459
8465,-1009.14,304.63,20156656.17,10077823.51,498
8466,-408.52,298.47,19953744.00,9976667.74,506
8467,-3311.67,305.99,20356021.23,10200773.40,469
8468,-7652.50,300.95,20024183.93,10008265.71,507
8469,767.24,324.96,21450666.64,10725716.94,465
8472,2114.26,305.05,20180557.66,10091335.96,501
8473,30.60,334.05,22269210.94,11134620.77,506
8474,692.26,304.36,20155455.93,10078074.10,488
8475,1057.99,274.00,18239029.77,9120043.88,509
8476,6295.72,308.71,20432460.33,10219378.03,492
8479,-525.88,333.01,21901187.14,10950330.62,495
8480,-5678.11,281.10,18751463.19,9372892.54,488
8481,1589.18,284.56,18806761.05,9404175.12,470
8482,-979.76,316.36,20932509.29,10465764.77,495
8483,2983.13,344.67,22800449.26,11401716.20,500
8486,-2129.33,308.22,20402555.29,10200212.98,475
8487,3093.15,294.93,19570081.38,9786587.26,469
8488,1532.56,308.40,20648850.51,10325191.54,456
8489,3220.20,300.71,20260698.98,10131959.59,455
8490,-3935.36,293.51,19522507.34,9759285.99,480
8493,-1658.53,318.05,21123583.38,10560962.42,471
8494,-5247.82,299.70,19921076.56,9957914.37,488
8495,-2883.60,299.17,19783263.89,9917634.65,480
8496,-3004.78,288.84,19310568.70,9653781.96,475
8500,-4444.22,288.52,19220932.16,9608243.97,488
8501,136.34,305.05,20304432.68,10152284.51,463
8502,-411.38,291.33,19413065.15,9706326.89,486
8503,-25.29,308.56,20570702.62,10285338.67,463
8504,5063.87,301.96,20219803.84,10112433.86,471
8507,-1330.58,298.25,19864192.16,9931430.79,467
8508,-179.21,304.34,20391319.18,10195569.99,471
8509,38.13,293.68,19633578.33,9816808.23,469
8510,-5325.12,270.60,18001806.46,8998240.67,471
8511,-978.58,292.76,19458195.23,9728608.32,454
8514,1157.48,291.03,19305046.57,9653102.03,453
8515,1969.15,286.22,18937374.81,9469671.98,478
8516,560.92,323.79,21458152.12,10729356.52,482
8517,1569.80,302.68,20037090.62,10019330.22,483
8518,-3060.53,271.54,18171372.44,9084155.96,480
8521,-739.32,305.84,20319945.17,10159602.93,469
8522,-5406.80,283.35,19103160.80,9548877.00,487
8523,2086.30,306.76,20424065.78,10213076.04,483
8524,2012.70,339.94,22463852.73,11232932.72,480
8525,1004.99,299.50,19985077.50,9993041.24,452
8528,-3176.03,285.98,19082395.77,9539609.87,442
8529,4657.87,294.68,19569072.51,9786865.19,461
8530,2019.05,331.61,22137443.94,11069731.49,470
8531,3250.67,301.03,19930817.89,9967034.28,483
8532,-1070.41,310.89,20684175.07,10341552.33,492
8535,-1883.67,287.12,19140026.59,9569071.46,468
8536,-6280.53,269.93,18043858.79,9018789.13,489
8537,-1028.02,299.65,19967349.70,9983160.84,462
8538,-907.45,296.38,19753350.22,9876221.39,503
8539,3501.69,299.81,20048728.92,10026115.30,465
8542,-1880.64,293.48,19557030.40,9777574.88,460
8543,-2616.00,310.85,20620325.73,10308854.87,492
8544,4952.26,313.46,21014751.01,10509851.64,475
8545,-1779.48,317.22,21076934.70,10537577.61,503
8546,-6685.08,264.08,17587896.09,8790605.50,467
8550,-65.65,336.23,22446108.49,11223021.42,492
8551,2323.93,351.54,23475163.81,11738743.87,497
8552,5430.84,307.76,20548908.82,10277169.83,505
8553,-976.06,331.13,22099473.47,11049248.71,477
8556,-7747.41,279.03,18590917.29,9291584.94,479
8557,-954.40,298.43,19878121.21,9938583.40,498
8558,-11697.25,338.12,22593367.72,11290835.24,472
8559,-267.13,310.32,20660253.25,10329993.06,460
8560,3771.18,310.14,20764752.83,10384262.00,462
8563,-2418.42,254.66,17011723.28,8504652.43,477
8564,2439.38,314.34,21065908.27,10534173.82,461
8565,-4347.58,269.17,18110157.36,9052904.89,470
8566,1922.85,306.33,20567477.62,10284700.23,487
8567,2209.63,283.62,18981605.45,9491907.54,485
8571,3133.82,313.32,20925857.52,10464495.67,487
8572,-5365.40,281.59,18980967.27,9487800.93,483
8573,-1923.41,285.53,19136407.03,9567241.82,479
8574,-5027.04,237.61,15796334.70,7895653.83,469
8577,-1647.64,343.05,23077590.94,11537971.65,461
8578,-594.32,294.30,19655080.43,9827243.05,476
8579,2013.04,282.50,18953528.07,9477770.55,470
8580,441.03,302.51,20243724.37,10122082.71,459
8581,5488.94,320.43,21346640.43,10676064.69,470
8584,-422.90,140.95,9487353.11,4736752.58,203
8586,-354.24,315.35,21081070.43,10540358.09,483
8587,-3653.43,284.45,19013877.38,9505111.97,479
8588,8198.61,295.22,19606253.89,9807226.25,464
8591,1258.22,261.72,17482056.30,8741657.26,490
8592,3991.03,282.06,18826681.66,9415336.35,468
8593,-2864.06,273.62,18441732.14,9219434.04,485
8594,-1422.68,292.21,19604635.53,9801606.42,483
8595,-1052.64,334.27,22289708.41,11144327.88,475
8598,-1104.64,269.79,17985118.48,8992006.92,474
8599,-8860.94,280.09,18783449.82,9387294.44,482
8600,-1963.51,314.82,21063036.93,10530536.71,484
8601,5718.41,349.01,23268147.57,11636932.99,499
8602,-807.39,325.67,21892176.65,10945684.63,462
8605,-2649.14,283.14,18995078.69,9496214.77,481
8606,5458.03,314.54,21237107.86,10621282.94,491
8607,6878.86,309.00,20658860.81,10332869.83,492
8608,3324.36,297.84,19878528.76,9958764.56,490
8609,-2739.08,272.81,18322305.63,9159783.28,479
8612,2066.72,276.04,18533865.41,9267966.06,471
8613,-328.21,276.04,18441297.28,9220484.54,472
8614,-4998.23,290.57,19541948.81,9768475.29,489
8615,-2123.94,270.30,18016459.41,9007167.74,465
8616,-1929.10,240.56,16146512.06,8072291.48,456
8619,-1764.57,304.10,20237591.05,10117913.24,464
8620,-2976.13,271.98,18179076.20,9088050.04,461
8621,2086.45,305.88,20466850.52,10234468.49,446
8622,509.35,258.73,17218557.98,8609533.66,467
8623,4584.54,323.75,21483077.89,10743831.22,473
8626,-332.18,231.83,15505856.03,7752761.93,454
8627,-2461.82,288.00,19049043.18,9523290.68,458
8628,-2026.76,261.77,17338488.83,8668231.04,470
8629,-4464.69,261.43,17399530.00,8697532.65,464
8630,5199.32,288.76,19293102.83,9649151.07,466
8633,-1119.77,237.23,15932882.55,7965881.39,461
8634,-2514.92,312.96,20743973.94,10370729.51,476
8635,-311.24,259.07,17313012.60,8656350.68,502
8636,-4084.21,313.36,20771223.59,10383569.69,468
8637,-1492.20,301.70,19996752.12,9997629.97,473
8640,-2589.29,232.71,15515143.76,7756277.23,458
8641,-2127.84,289.42,19187204.39,9592538.28,454
8642,-2327.81,265.36,17838336.49,8918004.34,445
8643,869.77,266.95,17812858.37,8906864.07,461
8644,-4554.93,290.51,19343446.85,9669445.96,471
8648,-1006.93,261.86,17477097.09,8738045.09,494
8649,3754.72,294.56,19508422.63,9756088.67,461
8650,-1335.87,259.74,17302637.38,8650650.76,469
8651,-1052.04,288.49,19254334.94,9626641.45,472
8654,2590.67,328.78,21997621.27,11000105.97,512
8655,-5065.89,289.23,19294545.09,9644739.59,467
8656,-2280.80,300.50,20097680.77,10047699.98,480
8657,2868.29,329.20,21965090.45,10983979.37,480
8658,3131.23,286.29,19050097.60,9526614.42,442
8661,-1525.96,262.13,17446928.53,8722701.29,461
8662,0.85,312.70,20818472.76,10409236.81,458
8663,-7352.95,288.14,19149889.13,9571268.09,450
8664,-371.75,271.78,18046256.42,9022942.33,487
8665,-7.30,313.14,20705071.32,10352532.01,473
8668,-365.41,275.76,18429061.28,9214347.94,467
8669,-2109.73,301.86,20149769.36,10073829.82,497
8670,-4170.13,279.85,18645133.63,9320481.75,490
8671,-89.23,264.35,17519423.38,8759667.08,476
8672,5061.37,293.75,19427405.43,9716233.40,488
8675,-6014.64,290.85,19436495.76,9715240.56,507
8676,8061.75,341.28,22768383.61,11388222.68,499
8677,329.86,280.97,18680944.63,9340637.25,468
8678,-1783.70,295.60,19669210.33,9833713.31,509
8679,809.15,311.71,20923618.74,10462213.94,479
8682,4218.24,310.34,20644063.12,10324140.68,479
8683,1223.90,282.94,18918937.96,9460080.93,488
8684,-4236.46,296.21,19800621.89,9898192.71,468
8685,-3879.13,280.87,18785533.24,9390827.06,480
8686,1875.55,329.90,21794291.69,10898083.62,471
8689,2333.80,289.90,19356751.70,9679542.75,457
8690,2815.87,275.33,18530142.21,9266479.04,466
8691,3427.30,325.76,21858075.79,10930751.54,467
8692,2908.44,319.25,21355181.78,10679045.11,473
8693,3917.96,312.47,20699541.05,10351729.51,467
8696,-1949.48,288.88,19073893.68,9535972.10,501
8697,3659.34,318.95,21182990.49,10593324.91,476
8698,-1697.51,315.98,21203386.63,10600844.56,491
8699,7979.23,315.77,20964896.24,10486437.74,482
8700,-1388.57,282.74,18784731.96,9391671.70,484
8703,3278.36,320.60,21410654.42,10706966.39,459
8704,1023.38,299.88,19819196.30,9910109.84,489
8705,2758.90,304.29,20292767.70,10147763.30,480
8706,3145.48,303.64,20106713.15,10054929.32,439
8707,849.79,277.94,18548724.90,9274787.34,461
8710,-1079.40,303.17,20294318.41,10146619.50,479
8711,1743.76,301.36,20094058.44,10047901.10,460
8712,-985.71,274.27,18361210.81,9180112.55,469
8713,2405.82,292.72,19436903.72,9719654.77,473
8714,-1921.92,276.38,18373201.32,9203825.94,469
8717,2326.60,279.29,18747462.22,9374894.41,454
8718,566.31,332.08,22116399.23,11058482.77,494
8719,3949.58,333.83,22350746.49,11177348.03,466
8720,455.66,288.78,19187468.89,9593962.28,469
8721,-500.17,280.06,18563352.24,9281426.03,459
8724,1417.94,334.14,22197758.00,11099587.97,455
8725,1025.01,306.53,20445871.29,10223448.15,455
8726,643.61,325.54,21690839.94,10845741.77,449
8728,2003.69,115.98,8051159.73,3845801.25,208
8731,-427.72,303.20,20285256.18,10142414.24,465
8732,-332.61,288.41,19239459.20,9619563.30,438
8733,-67.88,288.48,19307222.50,9653577.31,453
8734,-3207.52,353.60,23716570.09,11856681.28,448
8735,1225.64,283.11,18997561.75,9499393.69,464
8738,7454.11,316.92,21231052.70,10619253.40,469
8739,-3759.41,291.74,19541542.64,9768891.62,475
8740,-1043.77,323.10,21618191.28,10808573.76,492
8741,635.50,262.14,17469259.15,8734947.33,460
8742,757.61,273.17,18227715.08,9114236.35,459
8745,-633.35,284.80,19034657.97,9517012.31,455
8746,-799.85,294.58,19837367.32,9918283.73,461
8747,-14916.99,358.34,24014334.80,11999708.90,473
8748,2915.38,294.66,19844216.51,9923565.94,504
8749,840.89,286.87,19265165.13,9633003.01,479
8752,1934.30,306.18,20550075.65,10276004.97,470
8753,134.63,256.98,17439226.11,8719680.37,451
8754,2051.38,290.32,19629611.92,9815831.65,494
8755,-748.98,294.98,19778558.81,9888904.92,441
8756,4596.14,301.96,20114877.12,10059736.63,436
8760,791.50,298.30,19895101.15,9947946.33,424
8761,3859.19,297.96,19853885.32,9928872.25,434
8762,587.61,297.12,19863868.54,9932228.07,435
8763,3095.28,322.53,21405694.26,10704394.77,415
8774,-2375.81,311.32,20968580.93,10483102.56,484
8775,2100.03,322.67,21622522.21,10812311.12,457
8776,2160.70,296.14,19885297.55,9943729.13,450
8777,68.50,300.54,20140605.99,10070337.25,464
8781,-366.88,289.00,19438075.12,9718854.12,489
8782,-425.91,266.68,17969226.07,8984400.08,465
8783,-1730.63,379.38,25415619.42,12706944.40,493
8784,-991.92,299.29,20028761.87,10013884.97,468
8787,4745.94,344.75,23182950.05,11593847.99,471
8788,1361.41,328.05,22105550.00,11053455.70,452
8789,-285.78,331.92,22375298.93,11187506.57,490
8790,-6634.46,386.32,25812016.50,12902691.02,493
8791,-2894.99,310.47,20865968.17,10431536.59,468
8794,653.64,326.51,21869461.36,10935057.50,469
8795,-2717.12,355.79,23862096.82,11929689.85,473
8796,1211.98,269.13,18037192.62,9019202.30,488
8797,1047.15,361.23,24300648.62,12125774.07,460
8798,3664.02,322.43,21471500.79,10737582.40,480
8801,6206.33,330.34,22134566.82,11070386.58,470
8802,-6220.56,360.43,24347767.00,12170773.22,489
8803,453.25,295.36,19938185.80,9969319.53,468
8804,-2756.16,298.88,20153888.78,10075566.31,480
8805,2502.94,320.90,21548431.91,10775467.42,468
8808,1942.67,299.47,20236899.87,10119421.27,466
8809,-1818.68,275.97,18616426.71,9307304.01,453
8810,4679.33,325.19,21942455.22,10973567.27,450
8811,4084.43,343.01,23231252.60,11617668.51,472
8812,627.78,345.92,23214855.46,11607741.61,482
8816,2201.97,321.51,21542786.21,10772494.09,465
8817,-945.56,306.50,20737033.41,10368043.92,472
8818,-625.26,361.36,24421623.92,12210499.33,496
8819,568.53,367.69,24751919.60,12376244.06,473
8822,1995.62,313.40,21120723.43,10561359.52,492
8823,1106.95,349.95,23562281.76,11781694.36,466
8824,1468.52,340.27,22940662.58,11471065.54,462
8825,4353.64,294.05,19864385.54,9934369.59,487
8826,2587.85,350.36,23474964.02,11738775.93,479
8829,-742.47,348.42,23534692.47,11766975.00,490
8830,-3527.28,296.64,19927326.71,9961899.72,486
8831,3904.46,334.19,22514512.90,11259208.68,477
8832,663.65,303.53,20467146.07,10233904.86,477
8833,-956.68,356.13,24058676.01,12028859.66,444
8836,-2494.45,366.37,24713325.89,12355415.71,457
8837,1185.93,334.65,22579994.58,11290590.25,456
8838,-2722.17,291.98,19592716.71,9794997.27,470
8839,-533.06,293.05,19862226.41,9930846.67,488
8840,1031.51,328.25,22298146.59,11149589.05,472
8843,639.89,317.33,21527089.03,10763864.46,461
8844,1841.77,331.26,22501847.95,11251844.86,463
8845,-1363.86,290.92,19554852.75,9776744.45,489
8846,-3012.09,319.72,21713533.92,10855260.92,470
8847,-1352.20,299.43,20264284.98,10131466.39,455
8850,2282.65,311.56,20981867.32,10492074.99,456
8851,-1642.38,333.05,22275980.48,11137169.05,460
8852,4115.85,342.62,23117891.07,11561003.46,446
8853,6271.03,329.99,22108390.07,11057330.55,448
8857,1415.13,307.59,20680158.87,10340787.00,449
8858,-1562.25,276.69,18546785.82,9297093.85,467
8859,-1647.74,269.73,18194804.32,9096578.29,481
8860,-3685.46,272.12,18371313.11,9183813.82,481
8861,3501.82,350.35,23404013.66,11703757.74,475
8864,1025.98,315.23,21141078.06,10571052.02,434
8865,-40.26,316.90,21470565.52,10735262.63,465
8866,629.03,298.98,20096644.05,10048636.54,466
8867,-3442.72,315.64,21342373.75,10669465.52,447
8868,3504.63,283.60,19167641.54,9585573.09,449
8871,-502.15,317.26,21178821.27,10589159.56,474
8872,6219.56,305.70,20562977.16,10284598.35,468
8873,-4726.65,358.08,23976085.80,11985679.57,503
8874,1016.59,321.73,21587034.55,10794025.57,436
8875,-2155.03,382.00,25724195.95,12861020.46,475
8878,3508.97,338.29,22523851.25,11263680.11,482
8879,3417.31,305.77,20574880.53,10289148.92,452
8880,-5031.61,365.95,24568958.35,12281963.37,482
8881,-1639.73,315.22,21334207.23,10687251.03,487
8882,5715.36,318.07,21311616.01,10658665.69,474
8885,-1159.34,297.10,19958741.82,9978791.24,442
8886,-2504.42,302.29,20289442.89,10143469.23,463
8887,-313.88,307.82,20712849.51,10356267.82,472
8888,2150.60,348.97,23495210.56,11748680.58,503
8889,3422.92,339.83,22846805.14,11425114.03,468
8892,-7211.47,287.91,19349903.42,9671345.97,470
8893,-1344.65,352.69,23704269.40,11851462.37,479
8894,-3747.86,286.09,19209246.98,9602749.56,460
8895,-3613.25,344.33,23142757.56,11569572.15,456
8896,3827.67,357.75,24001086.07,12002456.87,457
8899,-832.83,268.53,17959377.84,8979272.51,462
8900,-2271.09,302.75,20371759.07,10184743.99,480
8901,-2051.62,292.38,19673002.43,9835475.41,461
8902,-4913.21,288.15,19477622.11,9736354.45,459
8903,-1505.90,352.31,23645042.66,11821768.37,431
8906,-2617.93,287.67,19332392.20,9664887.14,467
8907,1123.32,325.43,21844280.12,10922701.72,479
8908,3552.30,328.26,22122953.62,11063252.96,451
8909,516.42,323.30,21730303.80,10865410.11,467
8910,-1749.57,268.95,18117177.91,9057714.18,461
8914,-2844.74,271.53,18340645.45,9168900.35,463
8915,2680.43,296.07,19776944.22,9889812.32,470
8916,-2574.08,329.61,22217544.58,11107485.25,446
8917,-12247.97,351.84,23786935.14,11887343.59,438
8920,4583.87,287.18,19096488.62,9552705.42,432
8921,-2091.08,332.68,22447505.64,11222707.28,479
8922,-305.62,317.80,21302796.21,10651245.29,474
8923,2640.52,301.43,20337998.28,10170319.41,470
8924,-4718.21,277.43,18810225.40,9402753.60,439
8927,3144.01,339.17,22651052.45,11339531.07,465
8928,-1688.93,292.70,19778217.90,9888264.48,452
8929,5389.96,296.68,20132523.60,10068956.78,465
8930,1389.37,333.54,22431592.30,11216490.84,452
8931,3497.33,311.45,21053265.88,10528381.60,464
8934,-3483.08,296.62,19840795.71,9943571.24,466
8935,-2454.10,295.36,19917656.19,9957601.04,468
8937,-1034.49,330.52,22305023.99,11151994.75,457
8938,-274.36,313.76,21175868.20,10587796.92,469
8941,556.27,311.13,21007130.94,10503843.61,453
8942,-2034.90,263.94,17833208.24,8915586.67,451
8943,-3493.10,311.82,21001798.89,10499152.90,475
8944,-2286.40,278.36,18800035.51,9398874.56,456
8945,-990.37,279.36,18849504.92,9424257.27,471
8948,-5518.07,249.17,16924936.64,8459709.29,477
8949,3001.43,316.32,21215308.17,10609154.79,473
8950,764.39,123.82,8425146.96,4190476.44,209
8952,-208.57,317.29,21344471.30,10672131.36,439
8955,4002.17,307.52,20714474.27,10359238.22,431
8956,-4840.61,298.88,20234355.78,10114757.58,424
8957,2435.66,316.63,21312717.23,10657576.44,450
8958,-5048.78,354.97,24121473.20,12058212.21,456
8959,3197.11,343.81,23097822.86,11550509.98,458
8962,-329.67,313.99,21247047.03,10623358.68,471
8963,4975.30,312.13,21321824.22,10663399.76,437
8964,1674.28,396.89,26584606.91,13293140.60,482
8965,-6386.96,289.59,19703284.21,9848448.63,473
8966,8736.56,303.74,20414880.08,10211808.33,464
8969,6109.90,312.45,21131923.75,10569016.82,452
8970,-283.59,301.33,20507081.86,10253399.14,449
8971,-16355.63,378.15,25477315.23,12730479.80,501
8972,-718.33,286.58,19344031.18,9671656.42,471
8973,11086.25,352.10,23689569.71,11850327.98,458
8976,1329.53,331.75,22464077.15,11232703.34,444
8977,1351.76,359.74,24386478.82,12193915.29,472
8978,822.57,318.10,21495068.95,10747945.76,453
8979,-7242.76,387.27,26280693.00,13136725.12,491
8980,-7621.76,344.53,23184846.06,11588612.15,468
8983,2970.22,291.32,19780369.68,9891669.95,476
8984,1914.04,360.81,24227025.56,12114469.80,465
8985,-404.98,350.00,23734286.75,11866940.89,485
8986,2101.83,284.03,19227995.81,9615048.82,450
8987,2976.70,349.57,23291973.18,11647474.94,474
8990,2918.34,344.24,22980545.21,11491731.78,468
8991,4762.47,322.80,21656357.11,10830559.79,447
8992,6552.85,386.44,25989069.71,12997811.28,473
8993,-3664.38,320.93,21572677.83,10784506.72,466
8994,5073.29,366.73,24738894.13,12347071.71,453
8997,1141.10,274.59,18601497.86,9301319.48,440
8998,2729.04,298.95,20164099.35,10083414.19,445
8999,4989.11,329.28,22228508.24,11116748.67,464
9000,3037.70,338.07,22680039.02,11341538.36,455
9001,1008.82,332.30,22340316.41,11170662.61,457
9004,3646.16,327.76,21991060.97,10997353.56,444
9005,615.61,321.56,21765542.38,10883079.00,450
9006,2549.63,301.95,20316694.65,10159622.14,447
9007,-5363.26,363.20,24450811.46,12222724.10,462
9008,-2489.37,317.74,21363047.32,10680278.98,443
9012,-410.33,358.00,24070440.95,12035015.31,472
9013,-6975.50,325.84,21973252.14,10983138.33,492
9014,1198.27,315.90,21300086.13,10650642.20,479
9015,342.82,315.43,21064720.03,10532531.42,468
9018,2243.77,337.60,22647753.81,11324998.79,440
9019,-1156.48,301.95,20305236.26,10152039.89,488
9020,4868.45,336.23,22641216.81,11323042.64,454
9021,885.19,355.34,23858209.38,11929547.28,457
9022,-978.22,343.29,23062770.27,11530896.02,495
9025,3607.25,338.38,22906509.69,11455058.47,475
9026,3046.61,292.36,19599620.34,9801333.48,453
9027,11945.87,312.45,21169063.45,10590504.66,456
9028,-3911.13,328.82,22305599.86,11150844.36,493
9029,-1518.36,346.19,23311278.59,11654880.11,469
9032,-1046.65,316.22,21537556.88,10768255.12,458
9033,-493.40,334.91,22754519.90,11377013.25,466
9034,3194.50,295.01,19939418.77,9971306.63,473
9035,138.29,306.37,20660550.91,10330344.60,478
9036,308.39,318.59,21481475.95,10740892.17,480
9039,4581.77,323.96,21932457.00,10968519.39,450
9040,3185.18,345.79,23337334.43,11670259.81,457
9041,3771.20,320.66,21629502.72,10816636.96,459
9042,5951.42,319.42,21562836.48,10784393.95,451
9043,3141.60,345.86,23196185.97,11599663.78,447
9046,1789.26,256.54,17370525.44,8686157.35,469
9047,719.62,326.60,22171797.63,11086258.63,451
9048,124.66,349.60,23603566.24,11801845.45,466
9049,1016.87,298.41,20210746.99,10105881.93,456
9050,1750.52,337.29,22959840.12,11480795.32,471
9053,361.76,367.90,25043621.65,12521991.71,434
9054,6679.71,312.54,21113332.05,10560005.88,475
9055,5095.61,378.74,25478058.03,12741576.82,463
9056,5859.23,310.26,21063284.78,10534572.01,442
9057,-1103.90,376.80,25477385.46,12738140.78,470
9060,-766.61,277.43,18704146.86,9351690.13,457
9061,2312.34,337.53,22845737.96,11424025.15,447
9062,1413.41,365.99,24661686.59,12331550.00,468
9063,745.39,270.57,18338746.70,9169746.04,481
9064,-2731.05,249.71,16941229.59,8469249.28,466
9067,1474.45,321.90,21792753.44,10897113.94,462
9068,-524.98,301.83,20398665.08,10214278.29,499
9069,90.57,317.20,21437711.91,10718901.24,466
9070,4197.66,346.87,23422405.87,11713301.76,476
9071,3378.38,293.86,19831209.54,9917293.96,500
9074,811.46,299.90,20306288.56,10153550.01,477
9075,-805.43,370.48,25184376.39,12591785.48,472
9076,-1630.16,314.67,21143152.99,10570761.41,474
9077,4145.60,330.07,22338454.60,11171300.10,474
9078,1199.18,340.19,23108893.01,11555046.09,476
9081,5682.92,301.35,20372069.19,10188876.05,461
9082,-5974.16,324.86,21985791.20,10989908.52,500
9083,-8171.80,340.28,23092920.03,11542374.12,469
9084,-6522.12,295.47,20097978.67,10045728.28,478
9085,232.33,340.65,22836699.86,11418466.09,477
9088,598.92,357.84,24273674.22,12137136.57,466
9089,-3689.78,315.97,21375565.52,10685937.87,469
9090,1338.08,353.25,23923605.88,11962471.97,473
9091,-2188.07,396.07,26962044.34,13479928.13,469
9092,-2632.48,278.45,18869776.88,9433572.20,466
9095,1027.69,324.40,21967051.62,10984039.66,489
9096,-7492.92,370.75,25298255.76,12645381.42,485
9097,-4640.23,294.18,19898665.52,9947012.65,465
9099,1596.63,173.06,11065198.41,5809876.71,190
9102,2583.53,344.38,23369649.06,11686116.30,485
9103,5884.92,345.13,23441215.14,11723550.02,483
9104,-3763.56,317.07,21544508.55,10770372.50,479
9105,3514.46,371.76,25257888.14,12630701.30,458
9106,-3168.44,254.07,17257310.07,8627070.81,474
9109,3343.23,321.51,21857297.59,10930320.41,476
9110,-2840.15,325.09,22008956.06,11003057.96,440
9111,1314.29,256.14,17410246.92,8718857.65,508
9112,2721.99,302.51,20575311.42,10289016.70,463
9113,527.95,334.61,22780863.47,11390695.71,464
9116,-6197.47,262.69,17834735.28,8914268.90,482
9117,1981.91,335.00,22558322.24,11301554.84,464
9118,9434.79,291.78,19626912.32,9818173.56,459
9119,4149.45,333.19,22550632.34,11277390.90,496
9120,1331.37,345.16,23461846.51,11731588.94,479
9123,833.47,14.93,1048671.31,499614.42,28
9124,568.71,145.70,9553758.31,4942064.51,195
9126,3352.75,291.99,19539364.79,9771358.77,432
9127,1894.73,301.97,20386394.91,10194144.82,440
9130,1471.73,320.45,21624612.70,10813042.22,451
9131,1318.33,310.65,21023246.88,10512282.61,444
9141,-668.13,233.08,15840757.46,7920044.66,468
9144,1824.50,380.48,25765234.00,12883529.25,454
9145,-983.39,307.42,20753470.41,10376243.51,467
9146,-1042.04,263.38,17857262.42,8928110.19,446
9147,-10992.02,335.20,22715354.10,11352181.05,484
9148,-1081.21,290.57,19604700.00,9801809.40,457
9152,-1373.72,279.50,18946068.07,9472347.18,494
9153,-1319.58,300.39,20252753.03,10125716.72,471
9154,-4858.92,338.92,23096289.68,11545715.38,462
9155,-5643.55,285.90,19524539.81,9759448.13,475
9158,-3516.74,350.58,23733790.40,11865136.83,456
9159,-1732.08,234.13,16016470.46,8007369.19,476
9160,234.81,295.02,20044942.21,10022588.52,490
9161,300.33,334.33,22711615.59,11355957.96,455
9162,1498.17,279.10,18793474.41,9397486.29,502
9165,5307.45,358.34,24274267.41,12139787.43,474
9166,-846.36,331.03,22467490.65,11233322.14,479
9167,-1684.38,331.10,22432051.64,11215183.63,451
9168,-897.70,275.43,18519048.19,9259075.25,477
9169,-1101.88,273.39,18446561.70,9222729.91,469
9172,4720.57,334.53,22748932.22,11376826.39,466
9173,-4029.55,350.57,23817000.12,11906485.28,496
9174,1440.54,286.65,19221718.64,9611579.59,464
9175,-1150.97,357.84,24186858.68,12092853.85,476
9176,-5174.48,250.50,17049118.38,8521971.95,476
9180,-3385.99,290.14,19609966.38,9803290.20,464
9181,-3924.65,294.36,20041821.20,10018948.28,459
9182,-5452.87,311.82,20954335.55,10474441.34,471
9183,-14917.60,347.87,23509132.35,11747107.37,489
9186,-1946.59,288.03,19404221.28,9701137.34,478
9187,-5259.55,309.47,21021771.50,10508255.98,483
9188,6355.02,300.19,20479020.06,10242687.55,498
9189,-283.92,356.74,24086322.82,12043019.45,465
9190,43.00,341.36,22938068.88,11469055.94,457
9193,-7565.28,342.15,22942230.24,11467332.48,501
9194,-11816.54,254.33,17001366.80,8494775.13,509
9195,2154.18,327.52,22178393.45,11090273.81,485
9196,-11452.88,318.81,21536763.97,10762655.55,474
9197,-13222.42,309.30,20939237.78,10463007.68,493
9201,4418.41,288.77,19441763.38,9723090.90,507
9202,4790.05,306.17,20744329.31,10374559.68,486
9203,3955.42,311.67,21061406.91,10532681.17,487
9204,2075.23,335.38,22499022.50,11250548.87,462
9207,7590.04,322.44,21861644.92,10934617.48,445
9208,3977.65,330.64,22375106.14,11189541.90,473
9209,4394.20,296.59,20023611.65,10014002.92,512
9210,3433.29,321.24,21609681.81,10781553.95,460
9211,-2812.40,251.41,16915825.57,8456506.59,494
9214,3353.85,287.02,19463233.19,9733293.51,470
9215,-5226.42,258.97,17496752.75,8745763.16,467
9216,2083.68,363.90,24436959.38,12219521.53,482
9217,4393.59,359.27,24142921.24,12073657.42,486
9218,-513.61,330.59,22326247.50,11162866.94,490
9221,2251.84,320.81,21696765.24,10849508.54,463
9222,1084.98,274.54,18592886.17,9296985.58,470
9223,-836.82,284.21,19300433.66,9649798.42,462
9224,3941.61,345.23,23249771.24,11626856.43,507
9225,-5947.96,265.79,17863638.95,8928845.49,512
9228,8287.88,354.66,23709797.75,11859042.81,508
9229,4748.03,333.22,22121537.91,11063142.97,496
9230,15257.71,367.75,24748673.85,12381965.78,510
9231,14871.77,355.66,23931768.05,11973319.91,487
9232,6460.29,355.51,23789482.00,11897971.14,484
9235,-609.93,365.64,24503147.07,12251268.57,478
9236,-97.83,299.19,19948008.30,9973955.24,492
9237,-1565.83,267.75,17975673.99,8987054.07,509
9238,-4397.45,344.99,23158600.85,11577101.70,467
9242,-9093.22,259.79,17522532.37,8756719.57,492
9243,3432.43,335.00,22594220.93,11298826.68,469
9244,3464.50,307.03,20652100.61,10327782.55,485
9245,4388.91,320.99,21577090.75,10790739.83,463
9246,262.32,313.15,21161333.76,10580798.04,453
9249,-2557.06,300.38,20285988.71,10141715.83,456
9250,1571.42,347.64,23506621.53,11754096.48,481
9251,6006.85,325.11,21846456.37,10926231.61,478
9252,6513.67,319.22,21385979.05,10696246.36,475
9253,9469.66,339.46,22985764.13,11497616.90,458
9256,3331.31,334.37,22554243.50,11278787.41,481
9257,-3094.55,267.77,17981444.70,8989175.08,466
9258,-89.16,323.63,21863500.65,10931705.74,488
9259,-291.15,277.39,18653876.84,9326792.85,464
9260,-716.56,282.99,19110669.20,9554976.32,446
9263,-2771.72,341.19,23255183.56,11626205.92,461
9264,-3352.81,269.88,18272916.11,9134781.65,474
9265,-5184.16,300.66,20217452.63,10106134.23,479
9266,-8481.70,354.09,24058132.98,12024825.64,473
9267,3179.97,376.76,25536381.18,12769780.58,456
9270,-836.60,341.24,23125111.39,11562137.39,462
9271,9402.51,343.80,23092784.81,11551093.66,462
9272,-3069.21,315.36,21273464.96,10635197.88,485
9273,6157.69,331.32,22450621.66,11228389.67,467
9274,-1267.91,330.21,21965508.68,11006098.64,457
9278,861.60,340.49,23101253.83,11551057.72,472
9279,1853.41,291.30,19499321.00,9750587.21,462
9280,-888.76,345.09,23239494.07,11657360.41,444
9281,-12864.90,331.77,22426332.66,11206733.88,459
9284,568.69,330.70,22320767.57,11160668.13,457
9285,-594.36,312.61,21277128.04,10638266.84,446
9286,-573.66,308.87,20807946.85,10403686.59,483
9287,-4174.50,306.32,20643521.01,10319673.25,479
9288,-1363.86,282.06,19066303.20,9532469.67,458
9291,-4744.35,305.51,20660386.12,10327820.88,458
9292,-4714.09,326.81,22134225.17,11064755.54,493
9293,-1100.13,300.55,20392158.41,10195529.14,484
9294,-8217.51,341.36,23217875.55,11604829.02,463
9295,-6479.31,260.18,17639863.77,8816692.23,488
9298,-6918.08,233.66,15779401.75,7886241.83,483
9299,-837.43,279.60,18929912.75,9439586.54,462
9300,-4707.28,271.04,18387739.65,9191516.19,445
9302,-1231.82,317.93,21487479.88,10743124.03,488
9305,845.34,335.48,22566032.49,11283438.92,457
9306,-3495.33,315.61,21387615.12,10692059.90,471
9307,-2334.02,287.57,19312338.15,9655002.07,471
9308,1594.52,281.44,18840624.14,9421109.33,459
9309,1319.30,334.11,22595662.38,11298490.84,484
9312,-4367.45,325.36,21986227.55,10990930.05,473
9313,-26439.74,302.51,20500162.59,10236861.43,465
9314,-2576.48,284.22,19254117.95,9625770.74,473
9315,672.69,146.73,9476405.77,4993372.94,208
9319,-1343.79,308.19,20728565.45,10363610.83,468
9320,4515.24,318.44,21445215.00,10724865.12,457
9321,672.96,295.62,19858724.22,9929698.59,484
9322,-2093.98,316.02,21355132.04,10676519.03,481
9323,-5368.01,324.09,21968166.21,10981399.10,475
9326,1582.51,329.66,22283697.68,11142640.10,467
9327,4616.49,300.55,20284495.62,10144556.05,438
9328,548.54,315.33,21298016.67,10649282.61,474
9329,2730.84,311.64,21130856.31,10566793.57,491
9330,1188.86,309.23,20950569.70,10475879.28,479
9333,-2936.38,301.93,20566507.42,10281785.52,471
9334,6843.37,329.25,22249531.23,11128187.30,460
9335,-6762.82,294.06,19930104.33,9961670.76,478
9336,4038.33,305.90,20759464.75,10381751.54,443
9337,-74.27,303.68,20465825.81,10232875.77,434
9340,-1579.59,271.58,18369013.52,9183716.97,461
9341,-2139.73,334.97,22709336.17,11353598.22,476
9342,687.95,321.74,21668665.55,10834676.74,504
9343,-1888.43,279.62,18958391.89,9478251.73,476
9344,1072.34,316.38,21442947.75,10722010.05,474
9347,5427.49,330.51,22399688.92,11202558.21,465
9348,3528.33,288.79,19534261.72,9768895.03,477
9349,-5881.05,318.95,21649701.37,10821910.16,510
9350,-7956.44,315.42,21253061.61,10622552.59,485
9351,-350.15,309.25,20900190.42,10449920.14,463
9354,-395.79,315.86,21132751.25,10566177.73,480
9355,536.70,301.26,20538757.77,10269647.24,465
9356,-5017.98,334.00,22572166.18,11283574.10,483
9357,-431.62,265.60,18145684.20,9072626.29,457
9358,1644.29,348.75,23685130.73,11843387.51,476
9361,5914.16,266.15,18100076.62,9052995.39,422
9362,5773.63,329.67,22506211.37,11255992.50,456
9363,1957.87,308.30,20876001.30,10438979.59,466
9364,-1537.35,315.23,21389367.16,10718855.72,465
9365,-3292.70,275.90,18810608.59,9403657.94,494
9368,-694.65,282.88,19146943.93,9573124.64,467
9369,-1506.87,264.27,17989679.61,8994086.36,450
9370,3667.43,310.79,21149701.95,10576684.69,441
9371,1580.16,302.58,20473707.72,10237643.94,471
9372,184.13,347.55,23530480.06,11765332.09,463
9376,-5477.29,286.51,19508904.63,9751713.67,479
9377,-2666.62,318.47,21528292.29,10762812.84,464
9378,3138.66,275.66,18671350.53,9337244.59,476
9379,9893.16,320.86,21886283.53,10948088.35,459
9382,3947.82,300.91,20456210.81,10230079.31,452
9383,-27.75,339.93,22992427.59,11496199.92,456
9384,5141.45,322.97,21754899.55,10880020.51,473
9385,-2221.65,322.11,21944891.83,10971335.09,477
9386,-1236.43,306.55,20789437.51,10394100.54,460
9389,2438.14,301.82,20363388.26,10182913.20,476
9390,4217.96,274.49,18576670.81,9290444.38,489
9391,6864.28,295.75,19990062.57,10013417.37,471
9392,-36.60,308.25,20927715.81,10463839.61,478
9393,3253.44,350.96,23787917.18,11895585.31,481
9396,-2181.64,320.07,21645807.62,10821813.00,453
9397,-2707.36,354.80,24084671.74,12040982.19,492
9398,2111.96,279.01,18898514.27,9450313.12,454
9399,-3202.49,249.76,16911311.02,8454054.27,477
9400,-275.94,314.02,21228278.63,10614001.34,491
9403,4412.00,347.71,23576693.46,11765707.57,468
9404,-6837.58,331.54,22485542.92,11239352.67,482
9405,-13726.08,304.01,20708240.13,10347257.02,486
9406,3785.91,261.61,17823304.11,8913545.01,470
9407,473.66,303.87,20694711.52,10347592.59,467
9410,3465.97,285.95,19314646.03,9659056.00,465
9411,-1430.94,320.71,21801211.94,10899890.50,498
9412,-1112.05,275.99,18806405.92,9402646.94,466
9413,-1184.96,270.15,18376842.60,9187828.82,480
9414,12778.30,362.55,24550735.11,12281756.71,477
9417,5020.60,311.52,21075359.37,10540189.98,448
9418,7066.52,333.76,22615888.98,11311477.75,457
9419,7317.83,308.41,20937449.59,10472383.71,473
9420,3198.06,310.30,20918158.95,10460678.50,482
9421,3290.46,368.48,24967922.02,12485606.24,473
9424,2750.40,338.12,23067902.85,11535326.63,476
9425,733.26,288.82,19658592.56,9829662.92,468
9426,4863.02,307.17,20808792.65,10406827.83,461
9427,-2801.25,273.90,18478100.74,9237649.75,444
9428,300.04,289.57,19596645.34,9814015.12,452
9431,3417.47,325.37,22056178.89,11029798.18,431
9432,5716.78,324.67,21995201.74,11000459.26,482
9433,3757.81,274.40,18622214.60,9312986.20,477
9434,-2371.91,307.65,20919186.74,10458407.41,489
9435,2487.21,338.95,22873532.97,11438010.09,472
9438,3953.37,306.23,20843360.38,10423656.87,466
9439,6369.17,332.28,22654475.68,11330422.42,476
9440,-664.65,289.20,19617601.68,9808468.52,475
9441,-3679.25,354.27,24137298.02,12066809.39,478
9442,709.90,324.85,22059383.09,11030046.50,485
9445,1622.23,355.29,24284313.18,12142967.71,467
9446,5904.04,415.97,28309362.09,14157633.06,466
9447,106.69,311.78,21307715.51,10653911.10,469
9448,5865.55,325.69,22260299.72,11133082.63,504
9449,691.38,347.15,23563325.50,11782008.44,491
9452,-2219.80,341.31,23236481.36,11617130.78,502
9453,2840.25,301.14,20591475.21,10297157.73,484
9454,-1219.85,332.85,22520719.43,11259749.78,509
9455,-4138.68,361.63,24503353.39,12249607.35,467
9456,-3205.92,307.09,21023959.77,10510376.93,477
9459,5527.36,316.71,21565871.47,10785699.42,489
9460,5579.28,309.77,21141438.49,10573508.89,480
9461,4995.58,330.48,22588981.44,11296988.50,470
9463,-1366.09,137.72,9452468.43,4691038.91,191
9466,-902.76,268.36,18301944.77,9150521.00,488
9467,-3264.21,325.06,22241493.13,11119114.46,478
9468,-7880.73,271.29,18568080.28,9280099.77,481
9469,101.11,305.56,20843748.95,10421925.03,485
9470,2929.22,302.89,20716374.00,10359651.62,490
9473,2512.40,324.49,21941726.21,10972119.30,482
9474,-1157.41,297.92,20334723.57,10166783.07,470
9475,-786.98,295.68,20115109.09,10057161.06,469
9476,452.66,273.34,18631027.26,9315739.96,479
9477,-6787.68,322.78,22055891.72,11024552.02,479
9480,-1878.41,328.34,22272427.51,11135274.55,482
9481,957.08,283.59,19224670.31,9612813.69,498
9482,-2813.36,345.36,23577569.81,11787378.22,483
9483,4874.72,303.87,20680839.17,10342856.94,469
9484,-747.01,297.93,20190860.89,10095056.94,489
9487,-2665.39,335.21,22829950.32,11413642.46,499
9488,3866.24,332.09,22523173.47,11263519.85,456
9489,1278.08,152.32,10287877.62,5171152.82,204
9491,439.70,289.93,19552136.80,9776288.25,399
9494,1710.63,326.03,22159596.85,11080653.74,489
9495,1941.07,335.50,22743991.19,11372966.13,454
9496,1731.43,340.20,23150539.53,11576135.48,436
9505,259.93,349.87,23772030.21,11886145.07,486
9508,916.63,349.54,23719763.17,11860339.90,491
9509,-3078.86,338.49,23221288.94,11609105.04,483
9510,-2982.95,363.48,24810973.12,12403995.08,507
9511,4090.00,363.65,24787483.98,12395786.99,471
9512,-1746.95,334.18,22843156.57,11420704.81,492
9516,-6459.71,349.77,23827030.14,11910285.22,494
9517,-3433.75,357.01,24436692.68,12216629.46,498
9518,498.14,349.25,23878206.66,11939352.40,492
9519,-1112.25,392.77,26759278.87,13379083.31,495
9522,2240.67,353.70,24150876.01,12076558.34,489
9523,-1117.94,365.43,24829740.88,12414311.47,499
9524,-3245.51,301.79,20629675.99,10313215.24,501
9525,5353.34,346.60,23551537.04,11778445.19,471
9526,-5399.47,356.68,24412259.56,12203430.05,506
9529,-3583.13,324.00,22076640.61,11036528.74,502
9530,1309.15,333.16,22672554.84,11336931.99,484
9531,-9017.10,310.50,21335860.70,10663421.80,492
9532,7284.43,338.11,23059206.21,11533245.31,497
9533,7971.46,341.01,23376978.54,11692475.00,479
9536,-6773.08,289.00,19780906.23,9887066.57,500
9537,-11005.66,355.91,24313310.19,12151152.27,508
9538,-12062.66,331.92,22782643.91,11385290.63,489
9539,-17233.59,331.89,22777194.59,11379980.50,501
9540,-1833.57,335.60,22848046.80,11423106.61,468
9544,3823.06,298.67,20377528.68,10190675.87,494
9545,3443.90,299.81,20437874.19,10220659.04,486
9546,3496.98,312.40,21256185.13,10629841.05,464
9547,1052.46,405.50,27501382.95,13751217.70,480
9550,-12721.06,363.31,24774486.20,12380882.57,492
9551,7203.85,364.07,24781185.03,12394194.44,497
9552,5433.53,368.89,25138442.72,12571938.13,477
9553,-362.11,293.53,20114454.71,10057046.30,486
9554,-8823.16,387.23,26481977.03,13236576.94,493
9557,8673.66,342.25,23425393.95,11717033.80,467
9558,4903.27,392.52,26711826.60,13358364.94,502
9559,7286.13,409.48,27895567.42,13951426.78,480
9560,-5553.63,297.84,20367535.74,10180991.05,464
9561,-6907.24,357.87,24575256.12,12284174.44,462
9564,11390.05,402.87,27332993.91,13672191.98,493
9565,5689.41,356.07,24348136.46,12176912.93,475
9566,5857.44,331.93,22601361.19,11303609.32,471
9567,-5107.29,374.59,25684988.08,12839940.39,496
9568,8220.92,355.72,24160990.19,12084605.56,476
9571,6751.52,352.49,24104937.54,12055844.53,483
9572,5535.87,323.77,21969892.67,10987714.27,472
9573,290.22,293.42,20122409.69,10061349.96,491
9574,4587.43,327.15,22266487.60,11135537.51,482
9575,-8122.20,253.15,17309053.57,8650465.68,488
9578,4200.71,357.17,24276148.62,12140174.66,483
9579,-4933.31,298.34,20253110.80,10124088.75,484
9580,2606.40,360.45,24476101.38,12239353.89,484
9581,-17.17,321.47,21881673.38,10940828.10,472
9582,678.42,316.76,21498119.21,10749398.82,484
9585,-1920.27,352.78,23880281.20,11939180.47,489
9586,5701.77,349.62,23818401.35,11912051.56,480
9587,5331.10,362.56,24629520.00,12317425.55,490
9588,-1943.96,310.02,21040769.51,10519412.78,484
9592,-3930.40,353.16,23858282.60,11927176.10,463
9593,-2326.25,291.51,19840468.44,9919071.10,459
9594,-2928.82,386.90,26415148.83,13206110.01,493
9595,-3346.89,303.83,20619852.03,10308252.57,489
9596,4441.11,270.09,18417557.77,9210999.44,483
9599,-5171.29,292.08,19837840.22,9916334.46,494
9600,4249.10,364.27,24747456.22,12375852.66,481
9601,-2679.24,372.33,25339348.59,12668334.67,483
9602,-1764.85,359.75,24332173.53,12165204.34,474
9603,-220.93,369.64,25208451.98,12604115.53,480
9606,-3345.82,263.81,18102434.35,9049544.26,500
9607,-1648.38,356.75,24277065.45,12137708.54,483
9608,-6220.41,331.86,22697724.92,11345752.25,492
9609,2823.48,389.73,26590531.12,13296677.31,487
9610,-2350.67,298.35,20351891.65,10174770.49,492
9613,-2927.47,264.02,18061751.76,9029412.14,480
9614,-5097.83,295.52,20216286.09,10105594.13,494
9615,-9161.60,284.18,19532126.78,9761482.60,466
9616,7351.48,356.50,24428703.79,12218027.63,481
9617,3838.62,314.28,21446521.76,10725180.19,500
9620,4178.51,342.25,23316576.33,11660377.42,482
9621,-1617.44,363.83,24844116.40,12421249.48,483
9622,16935.21,353.25,23979761.16,11998348.19,459
9623,800.01,358.59,24569707.84,12285253.93,481
9624,6382.11,298.14,20303610.52,10154996.32,488
9627,438.83,360.81,24704657.63,12352548.23,508
9628,-7819.20,367.45,25117017.09,12554598.94,466
9629,10540.20,403.85,27409308.90,13709924.55,498
9630,5123.74,339.58,23196293.64,11600708.69,485
9631,4402.55,305.10,20742909.70,10373656.13,505
9634,8409.42,378.63,25827728.95,12918069.19,463
9635,-19794.62,300.94,20440966.89,10210586.14,486
9636,-2214.26,297.42,20373842.86,10185814.31,478
9637,-244.39,340.76,23393917.58,11696836.60,481
9638,3142.00,381.51,26087411.15,13045276.57,449
9642,564.12,299.77,20489958.72,10245261.42,494
9643,10561.27,312.73,21437111.72,10723836.50,462
9644,6991.25,317.63,21769471.16,10888231.21,472
9645,-1857.92,307.35,21032548.32,10515345.20,462
9648,1516.56,349.96,23872570.20,11937043.38,517
9649,-5067.22,376.00,25505789.53,12750361.15,472
9650,-15547.26,333.49,22770405.49,11377429.11,497
9651,-4524.81,314.03,21387645.37,10691560.28,498
9652,-2878.09,310.88,21235161.81,10616141.86,496
9655,-1606.27,239.15,16320654.83,8159524.28,459
9656,-5511.50,312.85,21440535.02,10717511.76,499
9657,3978.39,345.93,23578066.67,11791022.53,466
9658,-683.93,353.47,24185485.78,12092400.92,494
9659,6949.31,367.16,25075330.96,12541140.13,475
9662,-874.04,363.59,24916395.29,12457760.62,486
9663,13665.60,302.90,20720068.95,10366867.27,490
9664,-992.69,255.65,17382960.43,8690983.87,475
9665,-3808.92,322.22,21928961.71,10962576.40,515
9669,-3969.42,308.10,21071308.83,10533669.71,499
9670,253.21,356.95,24238259.94,12119256.58,485
9671,933.48,340.32,23208564.28,11604748.88,474
9672,11772.34,335.75,22784014.47,11397893.41,502
9673,-1832.78,355.10,24186861.56,12092514.39,478
9676,-11667.78,346.50,23625931.55,11807131.89,500
9677,-1732.98,340.14,23177855.65,11588061.33,510
9678,-3589.22,311.61,21235107.14,10615758.96,500
9679,-16483.63,361.92,24719759.48,12351637.93,507
9683,-3453.69,341.99,23426672.75,11711609.53,477
9684,-2090.80,331.58,22617403.73,11307656.46,466
9685,602.84,340.33,23081492.81,11541047.82,479
9686,-1341.19,300.02,20534853.45,10266756.13,490
9687,5314.18,366.64,24839914.70,12422614.45,463
9690,8275.36,365.22,25000388.96,12504332.16,476
9691,-76.38,312.15,21462737.95,10731330.78,498
9692,-5000.53,275.87,18968367.97,9481683.72,502
9693,-12138.12,335.29,22856510.89,11422186.38,497
9694,-8395.04,298.25,20424398.93,10208001.94,491
9697,3116.39,286.92,19666616.22,9834866.31,465
9698,1654.27,346.50,23628508.54,11815081.41,498
9699,304.04,336.16,23167217.97,11583761.01,476
9700,7650.47,337.10,23062829.65,11535240.06,484
9701,-996.56,336.10,22874935.38,11436969.41,469
9704,-103.58,298.94,20496606.05,10248251.23,462
9705,6429.45,333.48,22725961.52,11366195.48,488
9706,13498.13,318.11,21647569.64,10830533.88,491
9707,-2269.36,364.90,24867948.38,12432839.51,488
9708,4889.90,448.80,30440382.15,15222636.03,480
9711,6190.54,317.20,21796111.99,10901151.26,474
9712,-6450.63,347.57,23676861.97,11835205.67,484
9713,-4489.67,300.30,20510311.15,10252910.74,479
9714,318.09,354.85,24227369.88,12113843.98,479
